Model,MAE
LASSO,329.18669566436756
linear,327.1181195369714
ridge,327.485413091256
svm_poly2,336.6105704226947
svm_poly3,309.4465195953053
svm_poly4,292.10278000815174
svm_rbf,395.1239858799241
tree,205.27805339003072
