Model,MAE
LASSO,325.2000041061713
linear,323.7153223084711
ridge,323.8041372547534
svm_poly2,349.2043506648331
svm_poly3,317.04603833380924
svm_poly4,299.1593085640697
svm_rbf,417.2898706546485
tree,202.54404319946002
