Model,MAE
LASSO,325.2070408523383
linear,322.87861783815714
ridge,323.7626076836935
svm_poly2,365.98615568113064
svm_poly3,330.43064618719677
svm_poly4,309.48637414434586
svm_rbf,436.42944559704665
tree,214.7373006497342
