Model,MAE
LASSO,324.7930672087671
linear,322.87753494782436
ridge,323.29308485742416
svm_poly2,340.5626768747396
svm_poly3,311.1433332357831
svm_poly4,293.1083678753586
svm_rbf,404.59535206785927
tree,208.67926757235676
