Model,MAE
LASSO,326.3273183075653
linear,324.3322504430006
ridge,324.4831450239461
svm_poly2,331.1652459576936
svm_poly3,304.0566558653624
svm_poly4,287.2193978181659
svm_rbf,387.20002441957763
tree,197.67690490253986
