Model,MAE
LASSO,326.530316933281
linear,325.4740157480315
ridge,325.4671534729321
svm_poly2,325.1305803205722
svm_poly3,298.1501415821382
svm_poly4,282.34575988017195
svm_rbf,376.0587503291439
tree,185.01614173228347
