Model,MAE
LASSO,328.71795091252665
linear,328.10868281157707
ridge,327.1974708045466
svm_poly2,324.1432886871676
svm_poly3,297.523952599632
svm_poly4,281.3621435375684
svm_rbf,371.21609642476955
tree,180.0986414648553
